dataset,total_nb_images,total_selected_lightly,size_gb
20220830_HaldenSued_S_10_F_20_O_stra_ID1,4160,15,26.230770636349916
20220816_TaenikonWiese_S_xx_F_xx_O_sama_ID4,2496,111,17.64255090430379
20230616_TestHerrenpuentSuedwestStreifen3_S_00_F_00_H_12_O_sama_ID3,384,83,2.397175376303494
20220823_HaldenSued_S_10_F_50_O_stra_ID1,13983,467,90.77481106296182
20220816_TaenikonWiese_S_xx_F_xx_O_sama_ID3,1232,25,8.49268408305943
20230614_SchneiderWallenwilSoor_S_20_F_60_H_12_O_krma_ID1,14256,662,91.722467510961
20230614_SchneiderWallenwilStuckli_S_20_F_60_H_12_O_krma_ID1,9968,133,65.94869433809072
20230614_SchneiderWallenwilZisterwis_S_20_F_60_H_12_O_sama_ID1,12240,585,81.3621970526874
20230329_Herrenpuent_Suedost_S_70_F_80_O_sama_ID1,7520,206,52.714785085991025
20230615_SchildOberhofenBuel1_S_20_F_60_H_12_O_krma_ID1,15248,273,104.9631023183465
20230421_Kuster_S_20_F_50_O_sama_ID1,16064,418,100.24962426163256
20230609_HerrenpuentSuedwest_S_20_F_60_H_12_O_krma_ID1,8000,360,54.50577669404447
20230620_HerrenpuentSuedwestStreifen_S_25_F_70_H_10_O_krma_ID1,2880,456,17.173900455236435
20230425_SchneiderWallenwil_S_20_F_50_O_sama_ID1,7328,602,49.750129552558064
20230329_Herrenpuent_Suedost_S_20_F_70_O_sama_ID1,3712,134,25.383699271827936
20230614_SchneiderWallenwilLangwisSued_S_20_F_60_H_12_O_krma_ID1,12656,886,83.6436687335372
20230425_SchneiderWallenwil_S_20_F_50_O_sama_ID2,1664,273,10.406893907114863
20230620_HerrenpuentSuedwestTestfield_S_25_F_70_H_12_O_krma_ID3,2272,149,14.466191962361336
20230426_SchneiderWallenwil_S_20_F_50_O_krma_ID2,8464,324,50.12820436246693
20220830_HaldenSued_S_70_F_80_O_stra_ID1,11984,555,74.97812401223928
20220816_TaenikonWiese_S_xx_F_xx_O_sama_ID1,3792,152,26.27578683104366
20230414_Waldegg_S_20_F_50_O_stra_ID1,4080,266,28.484022364020348
20230609_RuedimoosTaenikon_S_20_F_60_H_12_O_krma_ID1,21120,415,142.43190636113286
20230426_SchneiderWallenwil_S_20_F_50_O_krma_ID1,17904,1294,115.5235875826329
20230621_HerrenpuentSuedwestStreifen_S_00_F_00_H_12_O_sama_ID1,816,180,5.1089485604316
20230606_HerrenpuentSuedwest_S_20_F_60_H_12_O_sama_ID2,8960,326,61.57143190596253
20230613_TestfieldHerrenpuentNoMarkers_S_00_F_00_H_12_O_sama_ID1,1344,134,9.001383383758366
20230620_HerrenpuentSuedwestStreifen_S_25_F_70_H_12_O_krma_ID1,2528,523,15.731602670624852
20230620_HerrenpuentSuedwestStreifen_S_00_F_00_H_12_O_krma_ID1,816,207,5.055852077901363
20230620_HerrenpuentSuedwestTestfield_S_25_F_70_H_12_O_sama_ID4,2272,163,12.524369859136641
20230606_TestfieldHerrenpuentNord_S_00_F_00_H_12_O_sama_ID1,880,103,6.031610852107406
20230405_Waldegg_S_20_F_50_O_sama_ID1,3984,254,27.519575911574066
20230616_HerrenpuentSuedwestTestfield_S_00_F_00_H_12_O_sama_ID2,592,43,3.78500094730407
20230414_Waldegg_S_10_F_10_O_stra_ID1,2240,202,15.519846194423735
20230606_TestfieldHerrenpuentNordost_S_20_F_60_H_12_O_sama_ID1,1696,114,11.808089051395655
20230616_HerrenpuentSuedwestTestfield_S_20_F_60_H_12_O_sama_ID1,1728,108,10.759742209687829
20230504_HoratRitaUnterviertrlNord_S_20_F_50_O_sama_ID1,3136,239,13.092410024255514
20230614_SchneiderWallenwilLangwisNord_S_20_F_60_H_12_O_krma_ID1,9200,408,60.24393464624882
20230613_HerrenpuentTestfieldWithMarkers_S_00_F_00_H_12_O_stra_ID1,1360,106,8.59535865765065
20230615_SchildDotnachtZaelgli_S_20_F_60_H_12_O_krma_ID1,5952,361,40.31805308815092
20230609_HerrenpuentSuedost_S_20_F_60_H_12_O_krma_ID1,6288,321,43.37908790726215
20230616_TestHerrenpuentSuedwestStreifen1_S_00_F_00_H_12_O_sama_ID1,688,83,4.001815153285861
20230426_SchneiderWallenwilTest_S_20_F_50_O_sama_ID2,192,31,1.3053446970880032
20220901_HaldenNord_S_10_F_50_O_sama_ID1,9840,32,59.883140137419105
20230616_TestHerrenpuentSuedwestStreifen2_S_00_F_00_H_12_O_sama_ID2,384,89,2.242137821391225
20230620_HerrenpuentSuedwestTestfield_S_25_F_70_H_10_O_krma_ID2,3072,158,19.24640436656773
20230504_HoratRitaUnterviertrlNord_S_20_F_50_O_sama_ID2,4544,277,28.250806506723166
20220830_HaldenSued_S_50_F_50_O_stra_ID1,8000,20,42.16915059648454
20220816_TaenikonWiese_S_xx_F_xx_O_sama_ID2,3104,247,21.692708144895732
20230615_SchildOberhofenBuel4_S_20_F_60_H_12_O_krma_ID4,18288,794,127.44253438804299
20230613_TestfieldNoMarkers_S_05_F_05_H_12_O_sama_ID2,2464,223,16.402278787456453
20230426_SchneiderWallenwil_S_20_F_50_O_krma_ID3,6192,332,29.676489817909896
20230421_Burri_S_20_F_50_O_sama_ID1,11456,237,73.63167540729046
20230405_Waldegg_S_70_F_80_O_sama_ID1,15104,564,103.81938258372247
20230615_SchildOberhofenBuel2_S_20_F_60_H_12_O_krma_ID2,15552,245,108.37751948833466
20230615_SchildOberhofenBuel3_S_20_F_60_H_12_O_krma_ID3,18288,447,126.6203421074897
20230405_Waldegg_S_10_F_10_O_sama_ID1,1696,92,11.377282114699483
20221010_HaldenSued_S_25_F_60_O_sama_ID1,25552,792,156.10614501684904
20230620_HerrenpuentSuedwestTestfield_S_25_F_70_H_12_O_sama_ID5,2288,109,14.222052509896457
20230504_HoratRitaUnterviertrlNord_S_20_F_50_O_sama_ID3,8944,245,42.18387605343014
20230620_HerrenpuentSuedwestTestfield_S_00_F_00_H_12_O_krma_ID1,624,45,4.030644201673567
20230609_TestfieldHerrenpuentNordost_S_70_F_80_H_12_O_sama_ID1,9632,470,66.86977855395526
20230403_HerrenpuentSuedOst_S_70_F_80_O_sama_ID1,13680,71,91.71303715836257
20230621_HerrenpuentSuedwestStreifen_S_00_F_00_H_12_O_sama_ID2,816,179,5.044001292437315
20230421_SchildHohenegg_S_20_F_50_O_sama_ID1,24896,526,157.8144504679367
20230414_Waldegg_S_70_F_80_O_stra_ID1,22064,895,152.22796526830643
20221010_HaldenNord_S_25_F_60_O_sama_ID1,22592,161,169.0333338221535
